{
  "Agente Liberal.consistencia": 4.866666666666666,
  "Agente Liberal.datos": 1.980952380952381,
  "Agente Liberal.reflexividad": 3.4857142857142858,
  "Agente de Juntos Por El Cambio.consistencia": 4.6,
  "Agente de Juntos Por El Cambio.datos": 2.2,
  "Agente de Juntos Por El Cambio.reflexividad": 3.6952380952380954,
  "Agente de Union Por La Patria.consistencia": 4.914285714285715,
  "Agente de Union Por La Patria.datos": 2.723809523809524,
  "Agente de Union Por La Patria.reflexividad": 3.9904761904761905,
  "Agente de Izquierda.consistencia": 4.933333333333334,
  "Agente de Izquierda.datos": 2.4,
  "Agente de Izquierda.reflexividad": 3.8476190476190477,
  "summary.fidelidad": 0.2571428571428571,
  "summary.imparcialidad": 1.561904761904762
}