{
  "Agente Liberal.votos": 1.0,
  "Agente Liberal.posicion_final": 0.9619047619047619,
  "Agente Liberal.argumentos": 2.895238095238095,
  "Agente de Juntos Por El Cambio.votos": 0.9904761904761905,
  "Agente de Juntos Por El Cambio.posicion_final": 1.0,
  "Agente de Juntos Por El Cambio.argumentos": 2.8,
  "Agente de Union Por La Patria.votos": 1.0,
  "Agente de Union Por La Patria.posicion_final": 0.9904761904761905,
  "Agente de Union Por La Patria.argumentos": 2.8095238095238093,
  "Agente de Izquierda.votos": 1.0,
  "Agente de Izquierda.posicion_final": 0.9809523809523809,
  "Agente de Izquierda.argumentos": 2.780952380952381,
  "fidelidad": 0.2571428571428571,
  "imparcialidad": 1.561904761904762
}