{
    "Agente de Izquierda": {
        "econ": 84.61538461538461,
        "dipl": 43.888888888888886,
        "govt": 73.4375,
        "scty": 25.856164383561648
    },
    "Agente Liberal": {
        "econ": 17.94871794871795,
        "dipl": 47.22222222222222,
        "govt": 79.6875,
        "scty": 42.38013698630137
    },
    "Agente de Centro Derecha": {
        "econ": 41.02564102564103,
        "dipl": 47.22222222222222,
        "govt": 55.46875,
        "scty": 39.46917808219178
    },
    "Agente de Centro Izquierda": {
        "econ": 93.58974358974359,
        "dipl": 34.44444444444444,
        "govt": 66.015625,
        "scty": 25.856164383561648
    }
}