{
    "Agente de Izquierda": {
        "econ": 86.53846153846153,
        "dipl": 55.55555555555556,
        "govt": 75.390625,
        "scty": 77.99657534246575
    },
    "Agente Liberal": {
        "econ": 14.102564102564102,
        "dipl": 52.77777777777778,
        "govt": 78.125,
        "scty": 54.195205479452056
    },
    "Agente de Centro Derecha": {
        "econ": 36.53846153846154,
        "dipl": 55.0,
        "govt": 55.46875,
        "scty": 60.102739726027394
    },
    "Agente de Centro Izquierda": {
        "econ": 93.58974358974359,
        "dipl": 68.33333333333333,
        "govt": 72.265625,
        "scty": 74.14383561643835
    }
}