{
  "Agente Liberal.votos": 1.0,
  "Agente Liberal.posicion_final": 0.9809523809523809,
  "Agente Liberal.argumentos": 2.914285714285714,
  "Agente de Juntos Por El Cambio.votos": 0.9809523809523809,
  "Agente de Juntos Por El Cambio.posicion_final": 0.9809523809523809,
  "Agente de Juntos Por El Cambio.argumentos": 2.7714285714285714,
  "Agente de Union Por La Patria.votos": 1.0,
  "Agente de Union Por La Patria.posicion_final": 0.9904761904761905,
  "Agente de Union Por La Patria.argumentos": 2.8095238095238093,
  "Agente de Izquierda.votos": 1.0,
  "Agente de Izquierda.posicion_final": 0.9904761904761905,
  "Agente de Izquierda.argumentos": 2.7523809523809524,
  "fidelidad": 0.21904761904761905,
  "imparcialidad": 1.4666666666666666
}