{
  "Agente Liberal.consistencia": 4.857142857142857,
  "Agente Liberal.datos": 2.6666666666666665,
  "Agente Liberal.reflexividad": 3.142857142857143,
  "Agente de Juntos Por El Cambio.consistencia": 4.6571428571428575,
  "Agente de Juntos Por El Cambio.datos": 3.0095238095238095,
  "Agente de Juntos Por El Cambio.reflexividad": 3.4095238095238094,
  "Agente de Union Por La Patria.consistencia": 4.876190476190477,
  "Agente de Union Por La Patria.datos": 3.6285714285714286,
  "Agente de Union Por La Patria.reflexividad": 3.7904761904761903,
  "Agente de Izquierda.consistencia": 4.866666666666666,
  "Agente de Izquierda.datos": 3.3142857142857145,
  "Agente de Izquierda.reflexividad": 3.580952380952381,
  "summary.fidelidad": 0.21904761904761905,
  "summary.imparcialidad": 1.4666666666666666
}