{
  "1": {
    "Agente de Juntos Por El Cambio": 39.99999999999999,
    "Agente Liberal": -12.50000000000001,
    "Agente de Union Por La Patria": 40.00000000000001,
    "Agente de Izquierda": 46.66666666666668
  },
  "10": {
    "Agente de Juntos Por El Cambio": 8.333333333333341,
    "Agente Liberal": -9.090909090909099,
    "Agente de Union Por La Patria": 33.33333333333335,
    "Agente de Izquierda": -6.666666666666672
  },
  "12": {
    "Agente de Juntos Por El Cambio": 60.00000000000001,
    "Agente Liberal": 55.55555555555555,
    "Agente de Union Por La Patria": 8.333333333333341,
    "Agente de Izquierda": 39.99999999999999
  },
  "13": {
    "Agente de Juntos Por El Cambio": 25.000000000000007,
    "Agente Liberal": 62.5,
    "Agente de Union Por La Patria": 6.666666666666672,
    "Agente de Izquierda": 62.5
  },
  "15": {
    "Agente de Juntos Por El Cambio": 66.66666666666667,
    "Agente Liberal": 39.99999999999999,
    "Agente de Union Por La Patria": 61.53846153846154,
    "Agente de Izquierda": 16.666666666666664
  },
  "16": {
    "Agente de Juntos Por El Cambio": 25.000000000000007,
    "Agente Liberal": 41.66666666666667,
    "Agente de Union Por La Patria": 60.00000000000001,
    "Agente de Izquierda": 36.36363636363635
  },
  "17": {
    "Agente de Juntos Por El Cambio": 27.272727272727256,
    "Agente Liberal": 33.33333333333335,
    "Agente de Union Por La Patria": 46.15384615384614,
    "Agente de Izquierda": 50.0
  },
  "19": {
    "Agente de Juntos Por El Cambio": 27.272727272727256,
    "Agente Liberal": 25.000000000000007,
    "Agente de Union Por La Patria": 26.66666666666666,
    "Agente de Izquierda": 53.84615384615385
  },
  "20": {
    "Agente de Juntos Por El Cambio": 9.09090909090908,
    "Agente Liberal": 11.111111111111107,
    "Agente de Union Por La Patria": 28.57142857142858,
    "Agente de Izquierda": 6.666666666666672
  },
  "21": {
    "Agente de Juntos Por El Cambio": 19.999999999999996,
    "Agente Liberal": 11.111111111111107,
    "Agente de Union Por La Patria": 30.76923076923076,
    "Agente de Izquierda": 38.46153846153846
  },
  "23": {
    "Agente de Juntos Por El Cambio": 63.636363636363626,
    "Agente Liberal": 25.000000000000007,
    "Agente de Union Por La Patria": 40.00000000000001,
    "Agente de Izquierda": 41.66666666666667
  },
  "24": {
    "Agente de Juntos Por El Cambio": 50.000000000000014,
    "Agente Liberal": 80.0,
    "Agente de Union Por La Patria": 20.000000000000004,
    "Agente de Izquierda": 30.76923076923076
  },
  "26": {
    "Agente de Juntos Por El Cambio": 66.66666666666666,
    "Agente Liberal": 33.33333333333333,
    "Agente de Union Por La Patria": 20.000000000000004,
    "Agente de Izquierda": 50.0
  },
  "27": {
    "Agente de Juntos Por El Cambio": 63.636363636363626,
    "Agente Liberal": 100.0,
    "Agente de Union Por La Patria": 75.00000000000001,
    "Agente de Izquierda": 50.000000000000014
  },
  "28": {
    "Agente de Juntos Por El Cambio": 50.000000000000014,
    "Agente Liberal": 54.54545454545453,
    "Agente de Union Por La Patria": 40.00000000000001,
    "Agente de Izquierda": 53.84615384615385
  },
  "29": {
    "Agente de Juntos Por El Cambio": 25.000000000000007,
    "Agente Liberal": 19.999999999999996,
    "Agente de Union Por La Patria": 41.66666666666667,
    "Agente de Izquierda": 87.49999999999999
  },
  "3": {
    "Agente de Juntos Por El Cambio": 18.181818181818176,
    "Agente Liberal": 74.99999999999997,
    "Agente de Union Por La Patria": 14.285714285714299,
    "Agente de Izquierda": 27.272727272727256
  },
  "4": {
    "Agente de Juntos Por El Cambio": 19.999999999999996,
    "Agente Liberal": 22.22222222222223,
    "Agente de Union Por La Patria": 6.666666666666672,
    "Agente de Izquierda": 30.76923076923076
  },
  "6": {
    "Agente de Juntos Por El Cambio": 60.00000000000001,
    "Agente Liberal": 27.272727272727256,
    "Agente de Union Por La Patria": 46.15384615384614,
    "Agente de Izquierda": 30.76923076923076
  },
  "7": {
    "Agente de Juntos Por El Cambio": 27.272727272727256,
    "Agente Liberal": 19.999999999999996,
    "Agente de Union Por La Patria": 28.57142857142858,
    "Agente de Izquierda": 39.99999999999999
  },
  "8": {
    "Agente de Juntos Por El Cambio": 27.272727272727256,
    "Agente Liberal": 22.22222222222223,
    "Agente de Union Por La Patria": 42.85714285714287,
    "Agente de Izquierda": 53.84615384615385
  }
}